Reporter,Partner,Product categories,Indicator Type,Indicator,2019,2018,2017,2016,2015,2014,2013,2012,2011,2010,2009,2008,2007,2006,2005,2004,2003,2002,2001,2000,1999,1998,1997,1996,1995,1994,1993,1992,1991,1990,1989,1988
East Timor,...,...,Development,GDP (current US$ Mil),           2017.92,           1559.89,           1599.34,           1650.61,           1594.41,           1447.31,           1395.52,           1147.78,           1054.73,            881.83,            726.88,            648.49,            542.80,            453.80,            462.26,            440.73,            490.40,            469.46,            477.46,            367.09,,,,,,,,,,,,
East Timor,...,...,Export,No. Of Export partners,,,             36.00,,,,             47.00,,,,,,,,             81.00,             79.00,,,,,,,,,,,,,,,,
East Timor,...,...,Export,No. Of Export products,,,            416.00,,,,            173.00,,,,,,,,            803.00,            899.00,,,,,,,,,,,,,,,,
East Timor,...,...,Import,No. Of Import partners,,,             82.00,,,,             54.00,,,,,,,,             72.00,             74.00,,,,,,,,,,,,,,,,
East Timor,...,...,Import,No. Of Import products,,,           3305.00,,,,           1753.00,,,,,,,,           3043.00,           3213.00,,,,,,,,,,,,,,,,
East Timor,...,...,Tariff,No. Of Tariff Agreement,,,,,,,              1.00,,,,,,,,,,,,,,,,,,,,,,,,,
East Timor,...,...,Development,Trade Balance (current US$ Mil),           -552.61,           -898.06,           -833.07,           -885.84,           -858.41,          -1065.26,           -955.57,          -1325.95,          -1333.94,          -1034.23,          -1013.02,           -755.91,           -590.38,           -364.93,           -279.24,           -407.23,           -532.52,           -773.59,           -710.22,           -566.48,,,,,,,,,,,,
East Timor,Australia,All Products,Export,Trade (US$ Mil)-Top 5 Export Partner,,,              1.44,,,,              5.39,,,,,,,,             23.34,             44.07,,,,,,,,,,,,,,,,
East Timor,Australia,All Products,Import,Trade (US$ Mil)-Top 5 Import Partner,,,,,,,,,,,,,,,             14.14,             20.05,,,,,,,,,,,,,,,,
East Timor,Bangladesh,All Products,Export,Trade (US$ Mil)-Top 5 Export Partner,,,,,,,,,,,,,,,,              4.23,,,,,,,,,,,,,,,,
East Timor,Brazil,All Products,Export,Trade (US$ Mil)-Top 5 Export Partner,,,,,,,,,,,,,,,              0.96,,,,,,,,,,,,,,,,,
East Timor,China,All Products,Export,Trade (US$ Mil)-Top 5 Export Partner,,,              2.05,,,,,,,,,,,,,,,,,,,,,,,,,,,,,
East Timor,China,All Products,Import,Trade (US$ Mil)-Top 5 Import Partner,,,             88.94,,,,             33.55,,,,,,,,,,,,,,,,,,,,,,,,,
East Timor,Germany,All Products,Export,Trade (US$ Mil)-Top 5 Export Partner,,,              3.30,,,,              7.71,,,,,,,,              1.69,,,,,,,,,,,,,,,,,
East Timor,"Hong Kong, China",All Products,Import,Trade (US$ Mil)-Top 5 Import Partner,,,             59.44,,,,,,,,,,,,,,,,,,,,,,,,,,,,,
East Timor,Indonesia,All Products,Export,Trade (US$ Mil)-Top 5 Export Partner,,,              6.14,,,,             18.45,,,,,,,,,,,,,,,,,,,,,,,,,
East Timor,Indonesia,All Products,Import,Trade (US$ Mil)-Top 5 Import Partner,,,            187.49,,,,            176.09,,,,,,,,             47.77,             60.20,,,,,,,,,,,,,,,,
East Timor,Italy,All Products,Import,Trade (US$ Mil)-Top 5 Import Partner,,,,,,,,,,,,,,,,              2.12,,,,,,,,,,,,,,,,
East Timor,Japan,All Products,Export,Trade (US$ Mil)-Top 5 Export Partner,,,,,,,,,,,,,,,,             24.11,,,,,,,,,,,,,,,,
East Timor,Japan,All Products,Import,Trade (US$ Mil)-Top 5 Import Partner,,,,,,,,,,,,,,,             10.53,,,,,,,,,,,,,,,,,
East Timor,Malaysia,All Products,Import,Trade (US$ Mil)-Top 5 Import Partner,,,,,,,             79.25,,,,,,,,,,,,,,,,,,,,,,,,,
East Timor,Portugal,All Products,Export,Trade (US$ Mil)-Top 5 Export Partner,,,,,,,,,,,,,,,              1.25,             13.71,,,,,,,,,,,,,,,,
East Timor,Singapore,All Products,Export,Trade (US$ Mil)-Top 5 Export Partner,,,,,,,              2.59,,,,,,,,,,,,,,,,,,,,,,,,,
East Timor,Singapore,All Products,Import,Trade (US$ Mil)-Top 5 Import Partner,,,             77.00,,,,             65.84,,,,,,,,             14.80,             15.15,,,,,,,,,,,,,,,,
East Timor,United States,All Products,Export,Trade (US$ Mil)-Top 5 Export Partner,,,              5.39,,,,              7.34,,,,,,,,             10.38,              4.34,,,,,,,,,,,,,,,,
East Timor,Vietnam,All Products,Import,Trade (US$ Mil)-Top 5 Import Partner,,,             38.90,,,,             39.81,,,,,,,,              4.53,              5.24,,,,,,,,,,,,,,,,
East Timor,World,All Products,Tariff,Duty Free Imports (US$ Thousand),,,,,,,              0.00,,,,,,,,,,,,,,,,,,,,,,,,,
East Timor,World,Animal,Export,Export(US$ Mil),,,              0.83,,,,,,,,,,,,              0.00,              0.13,,,,,,,,,,,,,,,,
East Timor,World,Capital goods,Export,Export(US$ Mil),,,              0.84,,,,             11.08,,,,,,,,              7.51,             52.09,,,,,,,,,,,,,,,,
East Timor,World,Chemicals,Export,Export(US$ Mil),,,              0.08,,,,              0.10,,,,,,,,              0.04,              1.10,,,,,,,,,,,,,,,,
East Timor,World,Consumer goods,Export,Export(US$ Mil),,,             18.40,,,,             36.47,,,,,,,,             14.66,             33.72,,,,,,,,,,,,,,,,
East Timor,World,Food Products,Export,Export(US$ Mil),,,              0.10,,,,              0.20,,,,,,,,              0.13,              1.34,,,,,,,,,,,,,,,,
East Timor,World,Footwear,Export,Export(US$ Mil),,,              0.01,,,,              0.24,,,,,,,,              0.15,              0.12,,,,,,,,,,,,,,,,
East Timor,World,Fuels,Export,Export(US$ Mil),,,              0.49,,,,,,,,,,,,              0.00,              0.02,,,,,,,,,,,,,,,,
East Timor,World,Hides and Skins,Export,Export(US$ Mil),,,              0.03,,,,              0.01,,,,,,,,              0.03,              1.12,,,,,,,,,,,,,,,,
East Timor,World,Intermediate goods,Export,Export(US$ Mil),,,              0.38,,,,              4.14,,,,,,,,             13.43,             12.93,,,,,,,,,,,,,,,,
East Timor,World,Mach and Elec,Export,Export(US$ Mil),,,              0.36,,,,             10.07,,,,,,,,              4.40,             15.76,,,,,,,,,,,,,,,,
East Timor,World,Metals,Export,Export(US$ Mil),,,              0.37,,,,              0.90,,,,,,,,              1.14,              4.51,,,,,,,,,,,,,,,,
East Timor,World,Minerals,Export,Export(US$ Mil),,,              0.01,,,,,,,,,,,,              0.00,              0.00,,,,,,,,,,,,,,,,
East Timor,World,Miscellaneous,Export,Export(US$ Mil),,,              0.50,,,,              0.67,,,,,,,,              0.98,             16.27,,,,,,,,,,,,,,,,
East Timor,World,Plastic or Rubber,Export,Export(US$ Mil),,,              0.05,,,,              0.04,,,,,,,,              0.14,              1.48,,,,,,,,,,,,,,,,
East Timor,World,Raw materials,Export,Export(US$ Mil),,,              4.56,,,,              1.36,,,,,,,,              7.85,              6.79,,,,,,,,,,,,,,,,
East Timor,World,Stone and Glass,Export,Export(US$ Mil),,,              0.01,,,,              0.02,,,,,,,,              0.02,              0.11,,,,,,,,,,,,,,,,
East Timor,World,Textiles and Clothing,Export,Export(US$ Mil),,,              4.60,,,,             17.26,,,,,,,,              1.16,              5.13,,,,,,,,,,,,,,,,
East Timor,World,Transportation,Export,Export(US$ Mil),,,              0.50,,,,              6.09,,,,,,,,             20.76,             51.29,,,,,,,,,,,,,,,,
East Timor,World,Vegetable,Export,Export(US$ Mil),,,             16.01,,,,             16.15,,,,,,,,              7.82,              6.96,,,,,,,,,,,,,,,,
East Timor,World,Wood,Export,Export(US$ Mil),,,              0.23,,,,              1.38,,,,,,,,              6.67,              0.32,,,,,,,,,,,,,,,,
East Timor,World,All Products,Export,Exports (in US$ Mil),,,             24.17,,,,             53.14,,,,,,,,             43.45,            105.65,,,,,,,,,,,,,,,,
East Timor,World,Capital goods,Import,Import(US$ Mil),,,            111.47,,,,            115.68,,,,,,,,             18.22,             27.75,,,,,,,,,,,,,,,,
East Timor,World,Consumer goods,Import,Import(US$ Mil),,,            356.02,,,,            322.09,,,,,,,,             62.35,             65.66,,,,,,,,,,,,,,,,
East Timor,World,Intermediate goods,Import,Import(US$ Mil),,,             76.80,,,,             51.61,,,,,,,,             12.56,              9.70,,,,,,,,,,,,,,,,
East Timor,World,Raw materials,Import,Import(US$ Mil),,,             43.65,,,,              9.79,,,,,,,,              8.48,             10.36,,,,,,,,,,,,,,,,
East Timor,World,All Products,Import,Imports (in US$ Mil),,,            588.05,,,,            513.74,,,,,,,,            101.61,            113.49,,,,,,,,,,,,,,,,
East Timor,...,...,Development,"GNI per capita, Atlas method (current US$)",   2020.00,   1800.00,   1780.00,   1750.00,   2200.00,   2690.00,   3200.00,   3630.00,   3710.00,   2850.00,   2330.00,   2970.00,   1840.00,   1310.00,    930.00,    780.00,    670.00,    750.00,,,,,,,,,,,,,,
East Timor,...,...,Trade Indicator,HH Market concentration index,,,      0.55,,,,      0.24,,,,,,,,      0.40,      0.49,,,,,,,,,,,,,,,,
East Timor,...,...,Trade Indicator,Index of export market penetration,,,      1.20,,,,      1.20,,,,,,,,      1.09,      1.18,,,,,,,,,,,,,,,,
East Timor,...,...,Development,Trade (% of GDP),     83.69,     63.42,     56.86,     59.94,     59.92,     82.75,     79.64,    129.93,    139.14,    134.41,    157.70,    135.26,    128.76,     98.87,     74.68,    107.35,    122.32,    180.39,    166.69,    175.54,,,,,,,,,,,,
East Timor,...,...,Development,Trade Balance (% of GDP),    -27.38,    -57.57,    -52.09,    -53.67,    -53.84,    -73.60,    -68.47,   -115.52,   -126.47,   -117.28,   -139.36,   -116.56,   -108.77,    -80.42,    -60.41,    -92.40,   -108.59,   -164.78,   -148.75,   -154.32,,,,,,,,,,,,
East Timor,...,...,Development,Trade in services (% of GDP),     26.69,     34.86,     33.44,     41.42,     46.39,     36.34,     41.44,     92.24,    145.64,    125.09,    120.56,     82.35,     71.44,     58.66,,,,,,,,,,,,,,,,,,
East Timor,Australia,All Products,Export,Partner share(%)-Top 5 Export Partner,,,      5.94,,,,     10.15,,,,,,,,     53.72,     41.71,,,,,,,,,,,,,,,,
East Timor,Australia,All Products,Import,Partner share(%)-Top 5 Import Partner,,,,,,,,,,,,,,,     13.92,     17.67,,,,,,,,,,,,,,,,
East Timor,Bangladesh,All Products,Export,Partner share(%)-Top 5 Export Partner,,,,,,,,,,,,,,,,      4.00,,,,,,,,,,,,,,,,
East Timor,Brazil,All Products,Export,Partner share(%)-Top 5 Export Partner,,,,,,,,,,,,,,,      2.21,,,,,,,,,,,,,,,,,
East Timor,China,All Products,Export,Partner share(%)-Top 5 Export Partner,,,      8.49,,,,,,,,,,,,,,,,,,,,,,,,,,,,,
East Timor,China,All Products,Import,Partner share(%)-Top 5 Import Partner,,,     15.12,,,,      6.53,,,,,,,,,,,,,,,,,,,,,,,,,
East Timor,Germany,All Products,Export,Partner share(%)-Top 5 Export Partner,,,     13.65,,,,     14.51,,,,,,,,      3.89,,,,,,,,,,,,,,,,,
East Timor,"Hong Kong, China",All Products,Import,Partner share(%)-Top 5 Import Partner,,,     10.11,,,,,,,,,,,,,,,,,,,,,,,,,,,,,
East Timor,Indonesia,All Products,Export,Partner share(%)-Top 5 Export Partner,,,     25.38,,,,     34.73,,,,,,,,,,,,,,,,,,,,,,,,,
East Timor,Indonesia,All Products,Import,Partner share(%)-Top 5 Import Partner,,,     31.88,,,,     34.28,,,,,,,,     47.01,     53.04,,,,,,,,,,,,,,,,
East Timor,Italy,All Products,Import,Partner share(%)-Top 5 Import Partner,,,,,,,,,,,,,,,,      1.87,,,,,,,,,,,,,,,,
East Timor,Japan,All Products,Export,Partner share(%)-Top 5 Export Partner,,,,,,,,,,,,,,,,     22.82,,,,,,,,,,,,,,,,
East Timor,Japan,All Products,Import,Partner share(%)-Top 5 Import Partner,,,,,,,,,,,,,,,     10.37,,,,,,,,,,,,,,,,,
East Timor,Malaysia,All Products,Import,Partner share(%)-Top 5 Import Partner,,,,,,,     15.43,,,,,,,,,,,,,,,,,,,,,,,,,
East Timor,Portugal,All Products,Export,Partner share(%)-Top 5 Export Partner,,,,,,,,,,,,,,,      2.87,     12.98,,,,,,,,,,,,,,,,
East Timor,Singapore,All Products,Export,Partner share(%)-Top 5 Export Partner,,,,,,,      4.87,,,,,,,,,,,,,,,,,,,,,,,,,
East Timor,Singapore,All Products,Import,Partner share(%)-Top 5 Import Partner,,,     13.09,,,,     12.82,,,,,,,,     14.56,     13.35,,,,,,,,,,,,,,,,
East Timor,United States,All Products,Export,Partner share(%)-Top 5 Export Partner,,,     22.30,,,,     13.82,,,,,,,,     23.88,      4.11,,,,,,,,,,,,,,,,
East Timor,Vietnam,All Products,Import,Partner share(%)-Top 5 Import Partner,,,      6.61,,,,      7.75,,,,,,,,      4.46,      4.62,,,,,,,,,,,,,,,,
East Timor,World,All Products,Trade Indicator,Country Growth (%),,,     24.14,,,,     14.78,,,,,,,,     18.74,    130.33,,,,,,,,,,,,,,,,
East Timor,World,All Products,Tariff,Duty Free Tariff Lines Share (%),,,,,,,      0.00,,,,,,,,,,,,,,,,,,,,,,,,,
East Timor,World,Animal,Export,Export Product share(%),,,      3.42,,,,,,,,,,,,      0.01,      0.13,,,,,,,,,,,,,,,,
East Timor,World,Capital goods,Export,Export Product share(%),,,      3.47,,,,     20.86,,,,,,,,     17.29,     49.30,,,,,,,,,,,,,,,,
East Timor,World,Chemicals,Export,Export Product share(%),,,      0.34,,,,      0.19,,,,,,,,      0.10,      1.04,,,,,,,,,,,,,,,,
East Timor,World,Consumer goods,Export,Export Product share(%),,,     76.11,,,,     68.63,,,,,,,,     33.75,     31.92,,,,,,,,,,,,,,,,
East Timor,World,Food Products,Export,Export Product share(%),,,      0.42,,,,      0.38,,,,,,,,      0.31,      1.26,,,,,,,,,,,,,,,,
East Timor,World,Footwear,Export,Export Product share(%),,,      0.04,,,,      0.44,,,,,,,,      0.34,      0.12,,,,,,,,,,,,,,,,
East Timor,World,Fuels,Export,Export Product share(%),,,      2.01,,,,,,,,,,,,      0.00,      0.01,,,,,,,,,,,,,,,,
East Timor,World,Hides and Skins,Export,Export Product share(%),,,      0.11,,,,      0.02,,,,,,,,      0.07,      1.06,,,,,,,,,,,,,,,,
East Timor,World,Intermediate goods,Export,Export Product share(%),,,      1.57,,,,      7.80,,,,,,,,     30.90,     12.24,,,,,,,,,,,,,,,,
East Timor,World,Mach and Elec,Export,Export Product share(%),,,      1.48,,,,     18.96,,,,,,,,     10.13,     14.92,,,,,,,,,,,,,,,,
East Timor,World,Metals,Export,Export Product share(%),,,      1.54,,,,      1.69,,,,,,,,      2.62,      4.27,,,,,,,,,,,,,,,,
East Timor,World,Minerals,Export,Export Product share(%),,,      0.04,,,,,,,,,,,,      0.01,      0.00,,,,,,,,,,,,,,,,
East Timor,World,Miscellaneous,Export,Export Product share(%),,,      2.06,,,,      1.26,,,,,,,,      2.25,     15.40,,,,,,,,,,,,,,,,
East Timor,World,Plastic or Rubber,Export,Export Product share(%),,,      0.22,,,,      0.08,,,,,,,,      0.32,      1.40,,,,,,,,,,,,,,,,
East Timor,World,Raw materials,Export,Export Product share(%),,,     18.84,,,,      2.56,,,,,,,,     18.06,      6.43,,,,,,,,,,,,,,,,
East Timor,World,Stone and Glass,Export,Export Product share(%),,,      0.03,,,,      0.04,,,,,,,,      0.06,      0.11,,,,,,,,,,,,,,,,
East Timor,World,Textiles and Clothing,Export,Export Product share(%),,,     19.01,,,,     32.49,,,,,,,,      2.68,      4.85,,,,,,,,,,,,,,,,
East Timor,World,Transportation,Export,Export Product share(%),,,      2.09,,,,     11.46,,,,,,,,     47.77,     48.54,,,,,,,,,,,,,,,,
East Timor,World,Vegetable,Export,Export Product share(%),,,     66.23,,,,     30.40,,,,,,,,     17.99,      6.59,,,,,,,,,,,,,,,,
East Timor,World,Wood,Export,Export Product share(%),,,      0.95,,,,      2.60,,,,,,,,     15.35,      0.30,,,,,,,,,,,,,,,,
East Timor,World,Capital goods,Import,Import Product share(%),,,     18.96,,,,     22.52,,,,,,,,     17.93,     24.45,,,,,,,,,,,,,,,,
East Timor,World,Consumer goods,Import,Import Product share(%),,,     60.54,,,,     62.70,,,,,,,,     61.36,     57.85,,,,,,,,,,,,,,,,
East Timor,World,Intermediate goods,Import,Import Product share(%),,,     13.06,,,,     10.05,,,,,,,,     12.36,      8.55,,,,,,,,,,,,,,,,
East Timor,World,Raw materials,Import,Import Product share(%),,,      7.42,,,,      1.91,,,,,,,,      8.34,      9.13,,,,,,,,,,,,,,,,
East Timor,World,All Products,Tariff,Maximum Rate (%),,,,,,,      2.50,,,,,,,,,,,,,,,,,,,,,,,,,
East Timor,World,All Products,Tariff,Simple Average (%),,,,,,,      2.50,,,,,,,,,,,,,,,,,,,,,,,,,
East Timor,World,All Products,Tariff,Weighted Average (%),,,,,,,      2.50,,,,,,,,,,,,,,,,,,,,,,,,,
East Timor,World,Capital goods,Tariff,Weighted Average (%),,,,,,,      2.50,,,,,,,,,,,,,,,,,,,,,,,,,
East Timor,World,Consumer goods,Tariff,Weighted Average (%),,,,,,,      2.50,,,,,,,,,,,,,,,,,,,,,,,,,
East Timor,World,Intermediate goods,Tariff,Weighted Average (%),,,,,,,      2.50,,,,,,,,,,,,,,,,,,,,,,,,,
East Timor,World,Raw materials,Tariff,Weighted Average (%),,,,,,,      2.50,,,,,,,,,,,,,,,,,,,,,,,,,
East Timor,World,All Products,Trade Indicator,World Growth (%),,,      5.68,,,,      1.20,,,,,,,,      6.15,     10.47,,,,,,,,,,,,,,,,
