Sales Date,Store,ID,Product
01/01/2022 10:00:00,Wimbledon,1,7
01/01/2022 10:00:00,Wimbledon,2,1
01/01/2022 12:00:00,Wimbledon,3,4
01/01/2022 12:00:00,Wimbledon,4,6
01/01/2022 14:00:00,Wimbledon,5,4
01/01/2022 14:00:00,Wimbledon,6,3
01/01/2022 16:00:00,Wimbledon,7,6
01/01/2022 17:00:00,Wimbledon,8,4
01/01/2022 10:00:00,Wimbledon,9,9
01/01/2022 11:00:00,Wimbledon,10,6
01/01/2022 11:00:00,Wimbledon,11,9
01/01/2022 12:00:00,Wimbledon,12,6
01/01/2022 12:00:00,Wimbledon,13,6
01/01/2022 12:00:00,Wimbledon,14,3
01/01/2022 13:00:00,Wimbledon,15,8
01/01/2022 13:00:00,Wimbledon,16,6
01/01/2022 15:00:00,Wimbledon,17,2
02/01/2022 09:00:00,Wimbledon,18,10
02/01/2022 10:00:00,Wimbledon,19,4
02/01/2022 12:00:00,Wimbledon,20,4
02/01/2022 12:00:00,Wimbledon,21,10
02/01/2022 13:00:00,Wimbledon,22,2
02/01/2022 13:00:00,Wimbledon,23,9
02/01/2022 14:00:00,Wimbledon,24,6
02/01/2022 15:00:00,Wimbledon,25,5
02/01/2022 15:00:00,Wimbledon,26,1
02/01/2022 16:00:00,Wimbledon,27,9
02/01/2022 16:00:00,Wimbledon,28,6
02/01/2022 16:00:00,Wimbledon,29,10
02/01/2022 09:00:00,Wimbledon,30,2
02/01/2022 10:00:00,Wimbledon,31,3
02/01/2022 11:00:00,Wimbledon,32,7
02/01/2022 12:00:00,Wimbledon,33,4
02/01/2022 12:00:00,Wimbledon,34,9
02/01/2022 13:00:00,Wimbledon,35,4
02/01/2022 13:00:00,Wimbledon,36,2
02/01/2022 14:00:00,Wimbledon,37,7
02/01/2022 15:00:00,Wimbledon,38,1
02/01/2022 15:00:00,Wimbledon,39,4
02/01/2022 16:00:00,Wimbledon,40,1
02/01/2022 17:00:00,Wimbledon,41,3
02/01/2022 17:00:00,Wimbledon,42,8
02/01/2022 10:00:00,Wimbledon,43,7
02/01/2022 11:00:00,Wimbledon,44,3
02/01/2022 12:00:00,Wimbledon,45,3
02/01/2022 13:00:00,Wimbledon,46,9
02/01/2022 14:00:00,Wimbledon,47,3
02/01/2022 14:00:00,Wimbledon,48,1
02/01/2022 15:00:00,Wimbledon,49,6
03/01/2022 09:00:00,Wimbledon,50,9
03/01/2022 10:00:00,Wimbledon,51,9
03/01/2022 10:00:00,Wimbledon,52,6
03/01/2022 10:00:00,Wimbledon,53,4
03/01/2022 11:00:00,Wimbledon,54,3
03/01/2022 12:00:00,Wimbledon,55,5
03/01/2022 13:00:00,Wimbledon,56,6
03/01/2022 14:00:00,Wimbledon,57,4
03/01/2022 15:00:00,Wimbledon,58,1
03/01/2022 15:00:00,Wimbledon,59,1
03/01/2022 15:00:00,Wimbledon,60,1
03/01/2022 16:00:00,Wimbledon,61,3
03/01/2022 16:00:00,Wimbledon,62,4
03/01/2022 17:00:00,Wimbledon,63,2
03/01/2022 09:00:00,Wimbledon,64,3
03/01/2022 10:00:00,Wimbledon,65,4
03/01/2022 11:00:00,Wimbledon,66,2
03/01/2022 12:00:00,Wimbledon,67,5
03/01/2022 13:00:00,Wimbledon,68,3
03/01/2022 14:00:00,Wimbledon,69,4
03/01/2022 15:00:00,Wimbledon,70,6
03/01/2022 15:00:00,Wimbledon,71,1
03/01/2022 17:00:00,Wimbledon,72,5
03/01/2022 10:00:00,Wimbledon,73,9
03/01/2022 12:00:00,Wimbledon,74,1
03/01/2022 13:00:00,Wimbledon,75,6
03/01/2022 14:00:00,Wimbledon,76,2
03/01/2022 14:00:00,Wimbledon,77,4
03/01/2022 15:00:00,Wimbledon,78,1
04/01/2022 10:00:00,Wimbledon,79,1
04/01/2022 11:00:00,Wimbledon,80,2
04/01/2022 12:00:00,Wimbledon,81,10
04/01/2022 13:00:00,Wimbledon,82,3
04/01/2022 15:00:00,Wimbledon,83,8
04/01/2022 15:00:00,Wimbledon,84,4
04/01/2022 17:00:00,Wimbledon,85,8
04/01/2022 17:00:00,Wimbledon,86,5
04/01/2022 09:00:00,Wimbledon,87,9
04/01/2022 10:00:00,Wimbledon,88,2
04/01/2022 10:00:00,Wimbledon,89,3
04/01/2022 11:00:00,Wimbledon,90,1
04/01/2022 11:00:00,Wimbledon,91,8
04/01/2022 11:00:00,Wimbledon,92,9
04/01/2022 12:00:00,Wimbledon,93,8
04/01/2022 13:00:00,Wimbledon,94,10
04/01/2022 15:00:00,Wimbledon,95,4
04/01/2022 15:00:00,Wimbledon,96,6
04/01/2022 16:00:00,Wimbledon,97,10
04/01/2022 16:00:00,Wimbledon,98,7
04/01/2022 17:00:00,Wimbledon,99,9
04/01/2022 17:00:00,Wimbledon,100,9
04/01/2022 10:00:00,Wimbledon,101,3
04/01/2022 12:00:00,Wimbledon,102,8
04/01/2022 12:00:00,Wimbledon,103,3
04/01/2022 12:00:00,Wimbledon,104,9
04/01/2022 12:00:00,Wimbledon,105,5
04/01/2022 13:00:00,Wimbledon,106,4
04/01/2022 14:00:00,Wimbledon,107,6
04/01/2022 15:00:00,Wimbledon,108,1
05/01/2022 09:00:00,Wimbledon,109,10
05/01/2022 10:00:00,Wimbledon,110,7
05/01/2022 11:00:00,Wimbledon,111,9
05/01/2022 12:00:00,Wimbledon,112,5
05/01/2022 12:00:00,Wimbledon,113,1
05/01/2022 13:00:00,Wimbledon,114,9
05/01/2022 13:00:00,Wimbledon,115,3
05/01/2022 13:00:00,Wimbledon,116,7
05/01/2022 14:00:00,Wimbledon,117,4
05/01/2022 16:00:00,Wimbledon,118,3
05/01/2022 17:00:00,Wimbledon,119,5
05/01/2022 17:00:00,Wimbledon,120,8
05/01/2022 09:00:00,Wimbledon,121,2
05/01/2022 09:00:00,Wimbledon,122,7
05/01/2022 10:00:00,Wimbledon,123,2
05/01/2022 11:00:00,Wimbledon,124,6
05/01/2022 11:00:00,Wimbledon,125,10
05/01/2022 13:00:00,Wimbledon,126,1
05/01/2022 13:00:00,Wimbledon,127,10
05/01/2022 13:00:00,Wimbledon,128,4
05/01/2022 14:00:00,Wimbledon,129,8
05/01/2022 14:00:00,Wimbledon,130,5
05/01/2022 15:00:00,Wimbledon,131,5
05/01/2022 17:00:00,Wimbledon,132,6
05/01/2022 17:00:00,Wimbledon,133,5
05/01/2022 10:00:00,Wimbledon,134,5
05/01/2022 12:00:00,Wimbledon,135,6
05/01/2022 12:00:00,Wimbledon,136,1
05/01/2022 13:00:00,Wimbledon,137,10
05/01/2022 13:00:00,Wimbledon,138,9
05/01/2022 14:00:00,Wimbledon,139,7
06/01/2022 09:00:00,Wimbledon,140,7
06/01/2022 10:00:00,Wimbledon,141,1
06/01/2022 11:00:00,Wimbledon,142,1
06/01/2022 12:00:00,Wimbledon,143,3
06/01/2022 13:00:00,Wimbledon,144,6
06/01/2022 13:00:00,Wimbledon,145,5
06/01/2022 13:00:00,Wimbledon,146,7
06/01/2022 14:00:00,Wimbledon,147,5
06/01/2022 15:00:00,Wimbledon,148,3
06/01/2022 16:00:00,Wimbledon,149,9
06/01/2022 17:00:00,Wimbledon,150,3
06/01/2022 17:00:00,Wimbledon,151,8
06/01/2022 09:00:00,Wimbledon,152,8
06/01/2022 10:00:00,Wimbledon,153,8
06/01/2022 11:00:00,Wimbledon,154,9
06/01/2022 12:00:00,Wimbledon,155,4
06/01/2022 12:00:00,Wimbledon,156,6
06/01/2022 13:00:00,Wimbledon,157,6
06/01/2022 15:00:00,Wimbledon,158,3
06/01/2022 16:00:00,Wimbledon,159,6
06/01/2022 17:00:00,Wimbledon,160,10
06/01/2022 10:00:00,Wimbledon,161,1
06/01/2022 11:00:00,Wimbledon,162,7
06/01/2022 11:00:00,Wimbledon,163,1
06/01/2022 12:00:00,Wimbledon,164,5
06/01/2022 13:00:00,Wimbledon,165,2
06/01/2022 14:00:00,Wimbledon,166,3
06/01/2022 15:00:00,Wimbledon,167,9
07/01/2022 09:00:00,Wimbledon,168,2
07/01/2022 09:00:00,Wimbledon,169,7
07/01/2022 10:00:00,Wimbledon,170,6
07/01/2022 11:00:00,Wimbledon,171,9
07/01/2022 12:00:00,Wimbledon,172,2
07/01/2022 13:00:00,Wimbledon,173,4
07/01/2022 13:00:00,Wimbledon,174,6
07/01/2022 14:00:00,Wimbledon,175,10
07/01/2022 15:00:00,Wimbledon,176,1
07/01/2022 16:00:00,Wimbledon,177,1
07/01/2022 16:00:00,Wimbledon,178,2
07/01/2022 17:00:00,Wimbledon,179,2
07/01/2022 09:00:00,Wimbledon,180,7
07/01/2022 11:00:00,Wimbledon,181,9
07/01/2022 12:00:00,Wimbledon,182,8
07/01/2022 12:00:00,Wimbledon,183,8
07/01/2022 13:00:00,Wimbledon,184,4
07/01/2022 13:00:00,Wimbledon,185,5
07/01/2022 15:00:00,Wimbledon,186,9
07/01/2022 16:00:00,Wimbledon,187,5
07/01/2022 16:00:00,Wimbledon,188,9
07/01/2022 17:00:00,Wimbledon,189,9
07/01/2022 11:00:00,Wimbledon,190,7
07/01/2022 11:00:00,Wimbledon,191,5
07/01/2022 12:00:00,Wimbledon,192,4
07/01/2022 12:00:00,Wimbledon,193,6
07/01/2022 12:00:00,Wimbledon,194,7
07/01/2022 13:00:00,Wimbledon,195,8
07/01/2022 14:00:00,Wimbledon,196,4
07/01/2022 15:00:00,Wimbledon,197,9
07/01/2022 15:00:00,Wimbledon,198,9
08/01/2022 09:00:00,Wimbledon,199,5
08/01/2022 10:00:00,Wimbledon,200,1
08/01/2022 10:00:00,Wimbledon,201,8
08/01/2022 11:00:00,Wimbledon,202,6
08/01/2022 11:00:00,Wimbledon,203,5
08/01/2022 12:00:00,Wimbledon,204,10
08/01/2022 12:00:00,Wimbledon,205,10
08/01/2022 13:00:00,Wimbledon,206,8
08/01/2022 14:00:00,Wimbledon,207,3
08/01/2022 15:00:00,Wimbledon,208,6
08/01/2022 15:00:00,Wimbledon,209,2
08/01/2022 16:00:00,Wimbledon,210,10
08/01/2022 17:00:00,Wimbledon,211,10
08/01/2022 09:00:00,Wimbledon,212,5
08/01/2022 10:00:00,Wimbledon,213,8
08/01/2022 11:00:00,Wimbledon,214,2
08/01/2022 11:00:00,Wimbledon,215,5
08/01/2022 11:00:00,Wimbledon,216,9
08/01/2022 11:00:00,Wimbledon,217,7
08/01/2022 12:00:00,Wimbledon,218,5
08/01/2022 12:00:00,Wimbledon,219,6
08/01/2022 12:00:00,Wimbledon,220,9
08/01/2022 13:00:00,Wimbledon,221,10
08/01/2022 13:00:00,Wimbledon,222,2
08/01/2022 14:00:00,Wimbledon,223,10
08/01/2022 14:00:00,Wimbledon,224,2
08/01/2022 15:00:00,Wimbledon,225,4
08/01/2022 15:00:00,Wimbledon,226,7
08/01/2022 15:00:00,Wimbledon,227,9
08/01/2022 16:00:00,Wimbledon,228,1
08/01/2022 17:00:00,Wimbledon,229,3
08/01/2022 10:00:00,Wimbledon,230,8
08/01/2022 11:00:00,Wimbledon,231,7
08/01/2022 12:00:00,Wimbledon,232,6
08/01/2022 12:00:00,Wimbledon,233,1
08/01/2022 14:00:00,Wimbledon,234,10
08/01/2022 14:00:00,Wimbledon,235,10
08/01/2022 15:00:00,Wimbledon,236,5
08/01/2022 15:00:00,Wimbledon,237,1
09/01/2022 09:00:00,Wimbledon,238,2
09/01/2022 09:00:00,Wimbledon,239,7
09/01/2022 11:00:00,Wimbledon,240,3
09/01/2022 11:00:00,Wimbledon,241,3
09/01/2022 12:00:00,Wimbledon,242,5
09/01/2022 12:00:00,Wimbledon,243,10
09/01/2022 13:00:00,Wimbledon,244,5
09/01/2022 13:00:00,Wimbledon,245,5
09/01/2022 14:00:00,Wimbledon,246,4
09/01/2022 15:00:00,Wimbledon,247,5
09/01/2022 15:00:00,Wimbledon,248,8
09/01/2022 17:00:00,Wimbledon,249,7
09/01/2022 17:00:00,Wimbledon,250,1
09/01/2022 17:00:00,Wimbledon,251,4
09/01/2022 10:00:00,Wimbledon,252,7
09/01/2022 11:00:00,Wimbledon,253,10
09/01/2022 12:00:00,Wimbledon,254,3
09/01/2022 13:00:00,Wimbledon,255,9
09/01/2022 14:00:00,Wimbledon,256,7
09/01/2022 14:00:00,Wimbledon,257,2
09/01/2022 15:00:00,Wimbledon,258,4
09/01/2022 16:00:00,Wimbledon,259,9
09/01/2022 10:00:00,Wimbledon,260,4
09/01/2022 10:00:00,Wimbledon,261,8
09/01/2022 10:00:00,Wimbledon,262,10
09/01/2022 10:00:00,Wimbledon,263,3
09/01/2022 11:00:00,Wimbledon,264,10
09/01/2022 11:00:00,Wimbledon,265,8
09/01/2022 11:00:00,Wimbledon,266,8
09/01/2022 12:00:00,Wimbledon,267,6
09/01/2022 13:00:00,Wimbledon,268,9
09/01/2022 14:00:00,Wimbledon,269,8
09/01/2022 15:00:00,Wimbledon,270,5
10/01/2022 09:00:00,Wimbledon,271,7
10/01/2022 10:00:00,Wimbledon,272,4
10/01/2022 11:00:00,Wimbledon,273,6
10/01/2022 12:00:00,Wimbledon,274,7
10/01/2022 13:00:00,Wimbledon,275,8
10/01/2022 14:00:00,Wimbledon,276,1
10/01/2022 15:00:00,Wimbledon,277,1
10/01/2022 15:00:00,Wimbledon,278,4
10/01/2022 15:00:00,Wimbledon,279,3
10/01/2022 17:00:00,Wimbledon,280,5
10/01/2022 17:00:00,Wimbledon,281,1
10/01/2022 09:00:00,Wimbledon,282,5
10/01/2022 09:00:00,Wimbledon,283,3
10/01/2022 11:00:00,Wimbledon,284,5
10/01/2022 11:00:00,Wimbledon,285,9
10/01/2022 13:00:00,Wimbledon,286,3
10/01/2022 14:00:00,Wimbledon,287,5
10/01/2022 15:00:00,Wimbledon,288,9
10/01/2022 15:00:00,Wimbledon,289,7
10/01/2022 17:00:00,Wimbledon,290,8
10/01/2022 10:00:00,Wimbledon,291,7
10/01/2022 11:00:00,Wimbledon,292,6
10/01/2022 12:00:00,Wimbledon,293,2
10/01/2022 12:00:00,Wimbledon,294,3
10/01/2022 13:00:00,Wimbledon,295,2
10/01/2022 13:00:00,Wimbledon,296,4
10/01/2022 14:00:00,Wimbledon,297,4
10/01/2022 14:00:00,Wimbledon,298,2
10/01/2022 15:00:00,Wimbledon,299,5
11/01/2022 09:00:00,Wimbledon,300,4
11/01/2022 10:00:00,Wimbledon,301,1
11/01/2022 11:00:00,Wimbledon,302,7
11/01/2022 11:00:00,Wimbledon,303,5
11/01/2022 13:00:00,Wimbledon,304,10
11/01/2022 13:00:00,Wimbledon,305,5
11/01/2022 14:00:00,Wimbledon,306,9
11/01/2022 15:00:00,Wimbledon,307,3
11/01/2022 15:00:00,Wimbledon,308,9
11/01/2022 17:00:00,Wimbledon,309,8
11/01/2022 09:00:00,Wimbledon,310,9
11/01/2022 09:00:00,Wimbledon,311,6
11/01/2022 11:00:00,Wimbledon,312,5
11/01/2022 12:00:00,Wimbledon,313,8
11/01/2022 12:00:00,Wimbledon,314,1
11/01/2022 13:00:00,Wimbledon,315,7
11/01/2022 14:00:00,Wimbledon,316,1
11/01/2022 15:00:00,Wimbledon,317,5
11/01/2022 16:00:00,Wimbledon,318,1
11/01/2022 17:00:00,Wimbledon,319,7
11/01/2022 10:00:00,Wimbledon,320,4
11/01/2022 11:00:00,Wimbledon,321,4
11/01/2022 12:00:00,Wimbledon,322,6
11/01/2022 13:00:00,Wimbledon,323,2
11/01/2022 14:00:00,Wimbledon,324,9
11/01/2022 14:00:00,Wimbledon,325,8
12/01/2022 09:00:00,Wimbledon,326,5
12/01/2022 09:00:00,Wimbledon,327,2
12/01/2022 10:00:00,Wimbledon,328,4
12/01/2022 11:00:00,Wimbledon,329,4
12/01/2022 12:00:00,Wimbledon,330,1
12/01/2022 13:00:00,Wimbledon,331,10
12/01/2022 14:00:00,Wimbledon,332,9
12/01/2022 15:00:00,Wimbledon,333,8
12/01/2022 17:00:00,Wimbledon,334,6
12/01/2022 17:00:00,Wimbledon,335,5
12/01/2022 09:00:00,Wimbledon,336,3
12/01/2022 09:00:00,Wimbledon,337,4
12/01/2022 11:00:00,Wimbledon,338,8
12/01/2022 11:00:00,Wimbledon,339,9
12/01/2022 13:00:00,Wimbledon,340,3
12/01/2022 14:00:00,Wimbledon,341,2
12/01/2022 15:00:00,Wimbledon,342,1
12/01/2022 16:00:00,Wimbledon,343,5
12/01/2022 16:00:00,Wimbledon,344,8
12/01/2022 17:00:00,Wimbledon,345,9
12/01/2022 17:00:00,Wimbledon,346,3
12/01/2022 10:00:00,Wimbledon,347,4
12/01/2022 11:00:00,Wimbledon,348,10
12/01/2022 13:00:00,Wimbledon,349,7
12/01/2022 14:00:00,Wimbledon,350,10
12/01/2022 15:00:00,Wimbledon,351,4
12/01/2022 15:00:00,Wimbledon,352,8
13/01/2022 09:00:00,Wimbledon,353,2
13/01/2022 10:00:00,Wimbledon,354,4
13/01/2022 10:00:00,Wimbledon,355,1
13/01/2022 12:00:00,Wimbledon,356,5
13/01/2022 13:00:00,Wimbledon,357,10
13/01/2022 14:00:00,Wimbledon,358,10
13/01/2022 16:00:00,Wimbledon,359,2
13/01/2022 16:00:00,Wimbledon,360,6
13/01/2022 17:00:00,Wimbledon,361,7
13/01/2022 10:00:00,Wimbledon,362,1
13/01/2022 11:00:00,Wimbledon,363,2
13/01/2022 12:00:00,Wimbledon,364,5
13/01/2022 13:00:00,Wimbledon,365,6
13/01/2022 13:00:00,Wimbledon,366,2
13/01/2022 14:00:00,Wimbledon,367,6
13/01/2022 15:00:00,Wimbledon,368,10
13/01/2022 16:00:00,Wimbledon,369,8
13/01/2022 16:00:00,Wimbledon,370,10
13/01/2022 17:00:00,Wimbledon,371,7
13/01/2022 17:00:00,Wimbledon,372,6
13/01/2022 10:00:00,Wimbledon,373,6
13/01/2022 11:00:00,Wimbledon,374,5
13/01/2022 11:00:00,Wimbledon,375,10
13/01/2022 12:00:00,Wimbledon,376,6
13/01/2022 12:00:00,Wimbledon,377,4
13/01/2022 13:00:00,Wimbledon,378,7
13/01/2022 15:00:00,Wimbledon,379,3
14/01/2022 09:00:00,Wimbledon,380,10
14/01/2022 10:00:00,Wimbledon,381,4
14/01/2022 11:00:00,Wimbledon,382,3
14/01/2022 12:00:00,Wimbledon,383,9
14/01/2022 12:00:00,Wimbledon,384,6
14/01/2022 12:00:00,Wimbledon,385,1
14/01/2022 14:00:00,Wimbledon,386,7
14/01/2022 14:00:00,Wimbledon,387,8
14/01/2022 15:00:00,Wimbledon,388,9
14/01/2022 15:00:00,Wimbledon,389,6
14/01/2022 16:00:00,Wimbledon,390,10
14/01/2022 16:00:00,Wimbledon,391,7
14/01/2022 09:00:00,Wimbledon,392,5
14/01/2022 10:00:00,Wimbledon,393,2
14/01/2022 10:00:00,Wimbledon,394,8
14/01/2022 10:00:00,Wimbledon,395,1
14/01/2022 10:00:00,Wimbledon,396,6
14/01/2022 11:00:00,Wimbledon,397,4
14/01/2022 12:00:00,Wimbledon,398,9
14/01/2022 14:00:00,Wimbledon,399,1
14/01/2022 15:00:00,Wimbledon,400,9
14/01/2022 15:00:00,Wimbledon,401,7
14/01/2022 16:00:00,Wimbledon,402,9
14/01/2022 16:00:00,Wimbledon,403,6
14/01/2022 17:00:00,Wimbledon,404,1
14/01/2022 10:00:00,Wimbledon,405,9
14/01/2022 10:00:00,Wimbledon,406,7
14/01/2022 11:00:00,Wimbledon,407,1
14/01/2022 11:00:00,Wimbledon,408,4
14/01/2022 11:00:00,Wimbledon,409,5
14/01/2022 12:00:00,Wimbledon,410,3
14/01/2022 13:00:00,Wimbledon,411,1
14/01/2022 13:00:00,Wimbledon,412,3
14/01/2022 15:00:00,Wimbledon,413,3
14/01/2022 15:00:00,Wimbledon,414,3
15/01/2022 09:00:00,Wimbledon,415,1
15/01/2022 11:00:00,Wimbledon,416,8
15/01/2022 11:00:00,Wimbledon,417,2
15/01/2022 13:00:00,Wimbledon,418,7
15/01/2022 13:00:00,Wimbledon,419,8
15/01/2022 14:00:00,Wimbledon,420,9
15/01/2022 14:00:00,Wimbledon,421,9
15/01/2022 15:00:00,Wimbledon,422,10
15/01/2022 15:00:00,Wimbledon,423,6
15/01/2022 15:00:00,Wimbledon,424,2
15/01/2022 17:00:00,Wimbledon,425,3
15/01/2022 17:00:00,Wimbledon,426,4
15/01/2022 09:00:00,Wimbledon,427,2
15/01/2022 11:00:00,Wimbledon,428,8
15/01/2022 12:00:00,Wimbledon,429,3
15/01/2022 13:00:00,Wimbledon,430,9
15/01/2022 14:00:00,Wimbledon,431,5
15/01/2022 15:00:00,Wimbledon,432,5
15/01/2022 15:00:00,Wimbledon,433,7
15/01/2022 16:00:00,Wimbledon,434,1
15/01/2022 17:00:00,Wimbledon,435,5
15/01/2022 17:00:00,Wimbledon,436,10
15/01/2022 11:00:00,Wimbledon,437,6
15/01/2022 12:00:00,Wimbledon,438,7
15/01/2022 12:00:00,Wimbledon,439,2
15/01/2022 14:00:00,Wimbledon,440,9
15/01/2022 15:00:00,Wimbledon,441,8
15/01/2022 15:00:00,Wimbledon,442,3
16/01/2022 09:00:00,Wimbledon,443,10
16/01/2022 09:00:00,Wimbledon,444,7
16/01/2022 11:00:00,Wimbledon,445,9
16/01/2022 11:00:00,Wimbledon,446,10
16/01/2022 12:00:00,Wimbledon,447,2
16/01/2022 12:00:00,Wimbledon,448,4
16/01/2022 12:00:00,Wimbledon,449,7
16/01/2022 14:00:00,Wimbledon,450,4
16/01/2022 14:00:00,Wimbledon,451,1
16/01/2022 15:00:00,Wimbledon,452,5
16/01/2022 16:00:00,Wimbledon,453,5
16/01/2022 09:00:00,Wimbledon,454,6
16/01/2022 10:00:00,Wimbledon,455,10
16/01/2022 10:00:00,Wimbledon,456,3
16/01/2022 12:00:00,Wimbledon,457,3
16/01/2022 13:00:00,Wimbledon,458,4
16/01/2022 14:00:00,Wimbledon,459,2
16/01/2022 16:00:00,Wimbledon,460,10
16/01/2022 17:00:00,Wimbledon,461,9
16/01/2022 10:00:00,Wimbledon,462,5
16/01/2022 10:00:00,Wimbledon,463,2
16/01/2022 12:00:00,Wimbledon,464,6
16/01/2022 12:00:00,Wimbledon,465,8
16/01/2022 12:00:00,Wimbledon,466,1
16/01/2022 13:00:00,Wimbledon,467,1
16/01/2022 13:00:00,Wimbledon,468,10
16/01/2022 14:00:00,Wimbledon,469,9
16/01/2022 15:00:00,Wimbledon,470,4
17/01/2022 09:00:00,Wimbledon,471,6
17/01/2022 09:00:00,Wimbledon,472,7
17/01/2022 10:00:00,Wimbledon,473,2
17/01/2022 11:00:00,Wimbledon,474,6
17/01/2022 12:00:00,Wimbledon,475,8
17/01/2022 14:00:00,Wimbledon,476,8
17/01/2022 15:00:00,Wimbledon,477,8
17/01/2022 16:00:00,Wimbledon,478,8
17/01/2022 17:00:00,Wimbledon,479,4
17/01/2022 17:00:00,Wimbledon,480,8
17/01/2022 09:00:00,Wimbledon,481,7
17/01/2022 09:00:00,Wimbledon,482,4
17/01/2022 10:00:00,Wimbledon,483,10
17/01/2022 11:00:00,Wimbledon,484,10
17/01/2022 12:00:00,Wimbledon,485,1
17/01/2022 12:00:00,Wimbledon,486,2
17/01/2022 13:00:00,Wimbledon,487,2
17/01/2022 14:00:00,Wimbledon,488,6
17/01/2022 14:00:00,Wimbledon,489,10
17/01/2022 15:00:00,Wimbledon,490,2
17/01/2022 16:00:00,Wimbledon,491,3
17/01/2022 17:00:00,Wimbledon,492,4
17/01/2022 17:00:00,Wimbledon,493,2
17/01/2022 10:00:00,Wimbledon,494,7
17/01/2022 11:00:00,Wimbledon,495,1
17/01/2022 12:00:00,Wimbledon,496,4
17/01/2022 12:00:00,Wimbledon,497,3
17/01/2022 12:00:00,Wimbledon,498,3
17/01/2022 12:00:00,Wimbledon,499,10
17/01/2022 13:00:00,Wimbledon,500,6
01/01/2022 10:00:00,Lewisham,1,4
01/01/2022 11:00:00,Lewisham,2,2
01/01/2022 11:00:00,Lewisham,3,4
01/01/2022 13:00:00,Lewisham,4,5
01/01/2022 14:00:00,Lewisham,5,2
01/01/2022 15:00:00,Lewisham,6,2
01/01/2022 15:00:00,Lewisham,7,7
01/01/2022 15:00:00,Lewisham,8,1
01/01/2022 16:00:00,Lewisham,9,2
01/01/2022 16:00:00,Lewisham,10,9
01/01/2022 17:00:00,Lewisham,11,8
01/01/2022 17:00:00,Lewisham,12,8
01/01/2022 11:00:00,Lewisham,13,6
01/01/2022 12:00:00,Lewisham,14,8
01/01/2022 14:00:00,Lewisham,15,1
01/01/2022 15:00:00,Lewisham,16,4
02/01/2022 09:00:00,Lewisham,17,5
02/01/2022 10:00:00,Lewisham,18,1
02/01/2022 11:00:00,Lewisham,19,7
02/01/2022 12:00:00,Lewisham,20,10
02/01/2022 13:00:00,Lewisham,21,2
02/01/2022 13:00:00,Lewisham,22,1
02/01/2022 13:00:00,Lewisham,23,4
02/01/2022 14:00:00,Lewisham,24,3
02/01/2022 14:00:00,Lewisham,25,7
02/01/2022 15:00:00,Lewisham,26,1
02/01/2022 16:00:00,Lewisham,27,2
02/01/2022 16:00:00,Lewisham,28,8
02/01/2022 17:00:00,Lewisham,29,7
02/01/2022 10:00:00,Lewisham,30,5
02/01/2022 10:00:00,Lewisham,31,8
02/01/2022 11:00:00,Lewisham,32,5
02/01/2022 12:00:00,Lewisham,33,1
02/01/2022 13:00:00,Lewisham,34,4
02/01/2022 14:00:00,Lewisham,35,1
02/01/2022 15:00:00,Lewisham,36,2
02/01/2022 16:00:00,Lewisham,37,10
02/01/2022 10:00:00,Lewisham,38,10
02/01/2022 11:00:00,Lewisham,39,1
02/01/2022 12:00:00,Lewisham,40,6
02/01/2022 13:00:00,Lewisham,41,8
02/01/2022 13:00:00,Lewisham,42,4
02/01/2022 14:00:00,Lewisham,43,10
02/01/2022 15:00:00,Lewisham,44,8
03/01/2022 10:00:00,Lewisham,45,3
03/01/2022 11:00:00,Lewisham,46,4
03/01/2022 12:00:00,Lewisham,47,10
03/01/2022 13:00:00,Lewisham,48,3
03/01/2022 14:00:00,Lewisham,49,1
03/01/2022 15:00:00,Lewisham,50,3
03/01/2022 15:00:00,Lewisham,51,3
03/01/2022 16:00:00,Lewisham,52,4
03/01/2022 17:00:00,Lewisham,53,3
03/01/2022 09:00:00,Lewisham,54,9
03/01/2022 09:00:00,Lewisham,55,5
03/01/2022 09:00:00,Lewisham,56,3
03/01/2022 11:00:00,Lewisham,57,7
03/01/2022 11:00:00,Lewisham,58,5
03/01/2022 12:00:00,Lewisham,59,2
03/01/2022 13:00:00,Lewisham,60,1
03/01/2022 15:00:00,Lewisham,61,8
03/01/2022 16:00:00,Lewisham,62,7
03/01/2022 17:00:00,Lewisham,63,2
03/01/2022 10:00:00,Lewisham,64,7
03/01/2022 10:00:00,Lewisham,65,7
03/01/2022 12:00:00,Lewisham,66,5
03/01/2022 13:00:00,Lewisham,67,2
03/01/2022 14:00:00,Lewisham,68,5
04/01/2022 09:00:00,Lewisham,69,5
04/01/2022 09:00:00,Lewisham,70,8
04/01/2022 09:00:00,Lewisham,71,2
04/01/2022 11:00:00,Lewisham,72,1
04/01/2022 11:00:00,Lewisham,73,1
04/01/2022 12:00:00,Lewisham,74,6
04/01/2022 12:00:00,Lewisham,75,5
04/01/2022 13:00:00,Lewisham,76,3
04/01/2022 14:00:00,Lewisham,77,8
04/01/2022 15:00:00,Lewisham,78,10
04/01/2022 15:00:00,Lewisham,79,2
04/01/2022 16:00:00,Lewisham,80,8
04/01/2022 09:00:00,Lewisham,81,3
04/01/2022 09:00:00,Lewisham,82,9
04/01/2022 09:00:00,Lewisham,83,5
04/01/2022 10:00:00,Lewisham,84,10
04/01/2022 11:00:00,Lewisham,85,5
04/01/2022 11:00:00,Lewisham,86,1
04/01/2022 12:00:00,Lewisham,87,8
04/01/2022 12:00:00,Lewisham,88,5
04/01/2022 14:00:00,Lewisham,89,2
04/01/2022 14:00:00,Lewisham,90,1
04/01/2022 15:00:00,Lewisham,91,8
04/01/2022 16:00:00,Lewisham,92,1
04/01/2022 16:00:00,Lewisham,93,1
04/01/2022 17:00:00,Lewisham,94,7
04/01/2022 10:00:00,Lewisham,95,2
04/01/2022 11:00:00,Lewisham,96,4
04/01/2022 12:00:00,Lewisham,97,1
04/01/2022 12:00:00,Lewisham,98,6
04/01/2022 12:00:00,Lewisham,99,8
04/01/2022 13:00:00,Lewisham,100,7
04/01/2022 14:00:00,Lewisham,101,5
04/01/2022 15:00:00,Lewisham,102,4
04/01/2022 15:00:00,Lewisham,103,7
05/01/2022 09:00:00,Lewisham,104,8
05/01/2022 09:00:00,Lewisham,105,4
05/01/2022 11:00:00,Lewisham,106,10
05/01/2022 12:00:00,Lewisham,107,4
05/01/2022 12:00:00,Lewisham,108,5
05/01/2022 12:00:00,Lewisham,109,9
05/01/2022 14:00:00,Lewisham,110,10
05/01/2022 14:00:00,Lewisham,111,8
05/01/2022 14:00:00,Lewisham,112,6
05/01/2022 15:00:00,Lewisham,113,5
05/01/2022 16:00:00,Lewisham,114,1
05/01/2022 16:00:00,Lewisham,115,6
05/01/2022 17:00:00,Lewisham,116,3
05/01/2022 09:00:00,Lewisham,117,6
05/01/2022 09:00:00,Lewisham,118,6
05/01/2022 09:00:00,Lewisham,119,2
05/01/2022 09:00:00,Lewisham,120,6
05/01/2022 11:00:00,Lewisham,121,8
05/01/2022 11:00:00,Lewisham,122,8
05/01/2022 12:00:00,Lewisham,123,2
05/01/2022 14:00:00,Lewisham,124,6
05/01/2022 15:00:00,Lewisham,125,5
05/01/2022 16:00:00,Lewisham,126,4
05/01/2022 16:00:00,Lewisham,127,4
05/01/2022 10:00:00,Lewisham,128,9
05/01/2022 11:00:00,Lewisham,129,6
05/01/2022 11:00:00,Lewisham,130,9
05/01/2022 13:00:00,Lewisham,131,6
05/01/2022 13:00:00,Lewisham,132,1
05/01/2022 15:00:00,Lewisham,133,9
06/01/2022 09:00:00,Lewisham,134,9
06/01/2022 11:00:00,Lewisham,135,2
06/01/2022 12:00:00,Lewisham,136,10
06/01/2022 13:00:00,Lewisham,137,3
06/01/2022 13:00:00,Lewisham,138,10
06/01/2022 13:00:00,Lewisham,139,9
06/01/2022 15:00:00,Lewisham,140,3
06/01/2022 15:00:00,Lewisham,141,1
06/01/2022 16:00:00,Lewisham,142,9
06/01/2022 17:00:00,Lewisham,143,1
06/01/2022 17:00:00,Lewisham,144,4
06/01/2022 09:00:00,Lewisham,145,7
06/01/2022 10:00:00,Lewisham,146,6
06/01/2022 11:00:00,Lewisham,147,7
06/01/2022 11:00:00,Lewisham,148,7
06/01/2022 11:00:00,Lewisham,149,4
06/01/2022 13:00:00,Lewisham,150,2
06/01/2022 14:00:00,Lewisham,151,7
06/01/2022 14:00:00,Lewisham,152,2
06/01/2022 15:00:00,Lewisham,153,9
06/01/2022 16:00:00,Lewisham,154,6
06/01/2022 17:00:00,Lewisham,155,9
06/01/2022 17:00:00,Lewisham,156,7
06/01/2022 10:00:00,Lewisham,157,2
06/01/2022 11:00:00,Lewisham,158,8
06/01/2022 12:00:00,Lewisham,159,7
06/01/2022 13:00:00,Lewisham,160,9
06/01/2022 14:00:00,Lewisham,161,5
06/01/2022 14:00:00,Lewisham,162,2
06/01/2022 15:00:00,Lewisham,163,10
06/01/2022 15:00:00,Lewisham,164,3
07/01/2022 09:00:00,Lewisham,165,3
07/01/2022 10:00:00,Lewisham,166,10
07/01/2022 12:00:00,Lewisham,167,5
07/01/2022 13:00:00,Lewisham,168,1
07/01/2022 14:00:00,Lewisham,169,1
07/01/2022 14:00:00,Lewisham,170,5
07/01/2022 15:00:00,Lewisham,171,7
07/01/2022 17:00:00,Lewisham,172,3
07/01/2022 09:00:00,Lewisham,173,10
07/01/2022 09:00:00,Lewisham,174,1
07/01/2022 10:00:00,Lewisham,175,9
07/01/2022 10:00:00,Lewisham,176,10
07/01/2022 11:00:00,Lewisham,177,7
07/01/2022 12:00:00,Lewisham,178,4
07/01/2022 13:00:00,Lewisham,179,7
07/01/2022 14:00:00,Lewisham,180,10
07/01/2022 15:00:00,Lewisham,181,2
07/01/2022 16:00:00,Lewisham,182,2
07/01/2022 16:00:00,Lewisham,183,3
07/01/2022 17:00:00,Lewisham,184,5
07/01/2022 10:00:00,Lewisham,185,2
07/01/2022 10:00:00,Lewisham,186,4
07/01/2022 11:00:00,Lewisham,187,9
07/01/2022 12:00:00,Lewisham,188,8
07/01/2022 13:00:00,Lewisham,189,3
07/01/2022 15:00:00,Lewisham,190,7
07/01/2022 15:00:00,Lewisham,191,3
08/01/2022 10:00:00,Lewisham,192,10
08/01/2022 11:00:00,Lewisham,193,8
08/01/2022 11:00:00,Lewisham,194,10
08/01/2022 12:00:00,Lewisham,195,7
08/01/2022 14:00:00,Lewisham,196,3
08/01/2022 15:00:00,Lewisham,197,1
08/01/2022 17:00:00,Lewisham,198,2
08/01/2022 17:00:00,Lewisham,199,5
08/01/2022 10:00:00,Lewisham,200,6
08/01/2022 11:00:00,Lewisham,201,5
08/01/2022 12:00:00,Lewisham,202,8
08/01/2022 12:00:00,Lewisham,203,4
08/01/2022 13:00:00,Lewisham,204,2
08/01/2022 14:00:00,Lewisham,205,10
08/01/2022 15:00:00,Lewisham,206,6
08/01/2022 15:00:00,Lewisham,207,9
08/01/2022 16:00:00,Lewisham,208,7
08/01/2022 17:00:00,Lewisham,209,8
08/01/2022 10:00:00,Lewisham,210,3
08/01/2022 11:00:00,Lewisham,211,4
08/01/2022 13:00:00,Lewisham,212,10
08/01/2022 13:00:00,Lewisham,213,4
08/01/2022 14:00:00,Lewisham,214,10
08/01/2022 15:00:00,Lewisham,215,9
08/01/2022 15:00:00,Lewisham,216,7
09/01/2022 09:00:00,Lewisham,217,1
09/01/2022 10:00:00,Lewisham,218,8
09/01/2022 11:00:00,Lewisham,219,4
09/01/2022 12:00:00,Lewisham,220,5
09/01/2022 12:00:00,Lewisham,221,1
09/01/2022 12:00:00,Lewisham,222,4
09/01/2022 13:00:00,Lewisham,223,7
09/01/2022 13:00:00,Lewisham,224,4
09/01/2022 14:00:00,Lewisham,225,8
09/01/2022 15:00:00,Lewisham,226,9
09/01/2022 16:00:00,Lewisham,227,7
09/01/2022 16:00:00,Lewisham,228,9
09/01/2022 17:00:00,Lewisham,229,2
09/01/2022 09:00:00,Lewisham,230,1
09/01/2022 10:00:00,Lewisham,231,9
09/01/2022 12:00:00,Lewisham,232,7
09/01/2022 13:00:00,Lewisham,233,8
09/01/2022 13:00:00,Lewisham,234,6
09/01/2022 14:00:00,Lewisham,235,3
09/01/2022 15:00:00,Lewisham,236,2
09/01/2022 16:00:00,Lewisham,237,2
09/01/2022 17:00:00,Lewisham,238,9
09/01/2022 17:00:00,Lewisham,239,2
09/01/2022 11:00:00,Lewisham,240,2
09/01/2022 12:00:00,Lewisham,241,8
09/01/2022 12:00:00,Lewisham,242,8
09/01/2022 14:00:00,Lewisham,243,1
09/01/2022 15:00:00,Lewisham,244,1
10/01/2022 09:00:00,Lewisham,245,5
10/01/2022 10:00:00,Lewisham,246,5
10/01/2022 10:00:00,Lewisham,247,3
10/01/2022 10:00:00,Lewisham,248,7
10/01/2022 11:00:00,Lewisham,249,2
10/01/2022 11:00:00,Lewisham,250,9
10/01/2022 12:00:00,Lewisham,251,7
10/01/2022 13:00:00,Lewisham,252,7
10/01/2022 14:00:00,Lewisham,253,9
10/01/2022 15:00:00,Lewisham,254,4
10/01/2022 17:00:00,Lewisham,255,2
10/01/2022 17:00:00,Lewisham,256,9
10/01/2022 17:00:00,Lewisham,257,10
10/01/2022 10:00:00,Lewisham,258,7
10/01/2022 10:00:00,Lewisham,259,4
10/01/2022 10:00:00,Lewisham,260,5
10/01/2022 11:00:00,Lewisham,261,3
10/01/2022 12:00:00,Lewisham,262,9
10/01/2022 13:00:00,Lewisham,263,7
10/01/2022 14:00:00,Lewisham,264,10
10/01/2022 14:00:00,Lewisham,265,5
10/01/2022 15:00:00,Lewisham,266,6
10/01/2022 16:00:00,Lewisham,267,9
10/01/2022 10:00:00,Lewisham,268,4
10/01/2022 11:00:00,Lewisham,269,10
10/01/2022 11:00:00,Lewisham,270,8
10/01/2022 12:00:00,Lewisham,271,10
10/01/2022 12:00:00,Lewisham,272,5
10/01/2022 13:00:00,Lewisham,273,2
10/01/2022 14:00:00,Lewisham,274,9
10/01/2022 15:00:00,Lewisham,275,4
10/01/2022 15:00:00,Lewisham,276,2
11/01/2022 09:00:00,Lewisham,277,6
11/01/2022 09:00:00,Lewisham,278,1
11/01/2022 11:00:00,Lewisham,279,3
11/01/2022 11:00:00,Lewisham,280,9
11/01/2022 11:00:00,Lewisham,281,7
11/01/2022 12:00:00,Lewisham,282,4
11/01/2022 13:00:00,Lewisham,283,10
11/01/2022 13:00:00,Lewisham,284,5
11/01/2022 14:00:00,Lewisham,285,1
11/01/2022 15:00:00,Lewisham,286,4
11/01/2022 16:00:00,Lewisham,287,6
11/01/2022 17:00:00,Lewisham,288,6
11/01/2022 09:00:00,Lewisham,289,7
11/01/2022 10:00:00,Lewisham,290,8
11/01/2022 10:00:00,Lewisham,291,9
11/01/2022 10:00:00,Lewisham,292,10
11/01/2022 11:00:00,Lewisham,293,8
11/01/2022 12:00:00,Lewisham,294,9
11/01/2022 13:00:00,Lewisham,295,2
11/01/2022 13:00:00,Lewisham,296,4
11/01/2022 14:00:00,Lewisham,297,4
11/01/2022 15:00:00,Lewisham,298,3
11/01/2022 15:00:00,Lewisham,299,8
11/01/2022 15:00:00,Lewisham,300,9
11/01/2022 16:00:00,Lewisham,301,4
11/01/2022 16:00:00,Lewisham,302,2
11/01/2022 17:00:00,Lewisham,303,10
11/01/2022 17:00:00,Lewisham,304,5
11/01/2022 10:00:00,Lewisham,305,3
11/01/2022 11:00:00,Lewisham,306,3
11/01/2022 11:00:00,Lewisham,307,9
11/01/2022 12:00:00,Lewisham,308,3
11/01/2022 12:00:00,Lewisham,309,5
11/01/2022 12:00:00,Lewisham,310,1
11/01/2022 13:00:00,Lewisham,311,6
11/01/2022 14:00:00,Lewisham,312,9
11/01/2022 15:00:00,Lewisham,313,3
12/01/2022 10:00:00,Lewisham,314,2
12/01/2022 10:00:00,Lewisham,315,8
12/01/2022 10:00:00,Lewisham,316,4
12/01/2022 11:00:00,Lewisham,317,5
12/01/2022 12:00:00,Lewisham,318,1
12/01/2022 13:00:00,Lewisham,319,8
12/01/2022 13:00:00,Lewisham,320,10
12/01/2022 14:00:00,Lewisham,321,6
12/01/2022 14:00:00,Lewisham,322,7
12/01/2022 16:00:00,Lewisham,323,3
12/01/2022 17:00:00,Lewisham,324,2
12/01/2022 09:00:00,Lewisham,325,1
12/01/2022 09:00:00,Lewisham,326,9
12/01/2022 10:00:00,Lewisham,327,2
12/01/2022 11:00:00,Lewisham,328,4
12/01/2022 11:00:00,Lewisham,329,9
12/01/2022 12:00:00,Lewisham,330,1
12/01/2022 13:00:00,Lewisham,331,6
12/01/2022 14:00:00,Lewisham,332,5
12/01/2022 14:00:00,Lewisham,333,5
12/01/2022 14:00:00,Lewisham,334,9
12/01/2022 15:00:00,Lewisham,335,7
12/01/2022 16:00:00,Lewisham,336,9
12/01/2022 17:00:00,Lewisham,337,4
12/01/2022 10:00:00,Lewisham,338,9
12/01/2022 10:00:00,Lewisham,339,8
12/01/2022 10:00:00,Lewisham,340,6
12/01/2022 12:00:00,Lewisham,341,10
12/01/2022 12:00:00,Lewisham,342,1
12/01/2022 13:00:00,Lewisham,343,4
12/01/2022 14:00:00,Lewisham,344,7
12/01/2022 14:00:00,Lewisham,345,8
12/01/2022 15:00:00,Lewisham,346,6
13/01/2022 09:00:00,Lewisham,347,7
13/01/2022 10:00:00,Lewisham,348,7
13/01/2022 12:00:00,Lewisham,349,1
13/01/2022 12:00:00,Lewisham,350,3
13/01/2022 12:00:00,Lewisham,351,3
13/01/2022 13:00:00,Lewisham,352,7
13/01/2022 14:00:00,Lewisham,353,1
13/01/2022 15:00:00,Lewisham,354,3
13/01/2022 16:00:00,Lewisham,355,7
13/01/2022 16:00:00,Lewisham,356,7
13/01/2022 16:00:00,Lewisham,357,7
13/01/2022 17:00:00,Lewisham,358,9
13/01/2022 10:00:00,Lewisham,359,6
13/01/2022 11:00:00,Lewisham,360,4
13/01/2022 11:00:00,Lewisham,361,10
13/01/2022 12:00:00,Lewisham,362,9
13/01/2022 13:00:00,Lewisham,363,5
13/01/2022 14:00:00,Lewisham,364,10
13/01/2022 14:00:00,Lewisham,365,1
13/01/2022 15:00:00,Lewisham,366,6
13/01/2022 16:00:00,Lewisham,367,7
13/01/2022 17:00:00,Lewisham,368,5
13/01/2022 10:00:00,Lewisham,369,3
13/01/2022 12:00:00,Lewisham,370,6
13/01/2022 13:00:00,Lewisham,371,3
13/01/2022 14:00:00,Lewisham,372,7
13/01/2022 15:00:00,Lewisham,373,10
13/01/2022 15:00:00,Lewisham,374,5
14/01/2022 09:00:00,Lewisham,375,7
14/01/2022 10:00:00,Lewisham,376,1
14/01/2022 11:00:00,Lewisham,377,8
14/01/2022 11:00:00,Lewisham,378,4
14/01/2022 12:00:00,Lewisham,379,8
14/01/2022 13:00:00,Lewisham,380,4
14/01/2022 13:00:00,Lewisham,381,4
14/01/2022 14:00:00,Lewisham,382,10
14/01/2022 15:00:00,Lewisham,383,1
14/01/2022 15:00:00,Lewisham,384,4
14/01/2022 16:00:00,Lewisham,385,6
14/01/2022 09:00:00,Lewisham,386,5
14/01/2022 09:00:00,Lewisham,387,6
14/01/2022 09:00:00,Lewisham,388,5
14/01/2022 10:00:00,Lewisham,389,1
14/01/2022 11:00:00,Lewisham,390,3
14/01/2022 12:00:00,Lewisham,391,7
14/01/2022 13:00:00,Lewisham,392,5
14/01/2022 14:00:00,Lewisham,393,3
14/01/2022 15:00:00,Lewisham,394,6
14/01/2022 15:00:00,Lewisham,395,6
14/01/2022 16:00:00,Lewisham,396,1
14/01/2022 16:00:00,Lewisham,397,6
14/01/2022 16:00:00,Lewisham,398,10
14/01/2022 17:00:00,Lewisham,399,5
14/01/2022 10:00:00,Lewisham,400,9
14/01/2022 10:00:00,Lewisham,401,3
14/01/2022 11:00:00,Lewisham,402,3
14/01/2022 11:00:00,Lewisham,403,2
14/01/2022 12:00:00,Lewisham,404,9
14/01/2022 13:00:00,Lewisham,405,9
14/01/2022 13:00:00,Lewisham,406,6
14/01/2022 15:00:00,Lewisham,407,1
15/01/2022 09:00:00,Lewisham,408,6
15/01/2022 09:00:00,Lewisham,409,8
15/01/2022 10:00:00,Lewisham,410,3
15/01/2022 12:00:00,Lewisham,411,10
15/01/2022 13:00:00,Lewisham,412,9
15/01/2022 14:00:00,Lewisham,413,8
15/01/2022 14:00:00,Lewisham,414,4
15/01/2022 15:00:00,Lewisham,415,10
15/01/2022 16:00:00,Lewisham,416,9
15/01/2022 17:00:00,Lewisham,417,4
15/01/2022 09:00:00,Lewisham,418,3
15/01/2022 09:00:00,Lewisham,419,10
15/01/2022 10:00:00,Lewisham,420,1
15/01/2022 10:00:00,Lewisham,421,3
15/01/2022 10:00:00,Lewisham,422,9
15/01/2022 11:00:00,Lewisham,423,4
15/01/2022 11:00:00,Lewisham,424,4
15/01/2022 11:00:00,Lewisham,425,3
15/01/2022 12:00:00,Lewisham,426,1
15/01/2022 13:00:00,Lewisham,427,2
15/01/2022 15:00:00,Lewisham,428,6
15/01/2022 15:00:00,Lewisham,429,1
15/01/2022 15:00:00,Lewisham,430,9
15/01/2022 16:00:00,Lewisham,431,4
15/01/2022 16:00:00,Lewisham,432,2
15/01/2022 10:00:00,Lewisham,433,4
15/01/2022 10:00:00,Lewisham,434,7
15/01/2022 11:00:00,Lewisham,435,9
15/01/2022 13:00:00,Lewisham,436,5
15/01/2022 13:00:00,Lewisham,437,9
15/01/2022 14:00:00,Lewisham,438,2
15/01/2022 15:00:00,Lewisham,439,1
16/01/2022 09:00:00,Lewisham,440,8
16/01/2022 09:00:00,Lewisham,441,10
16/01/2022 10:00:00,Lewisham,442,4
16/01/2022 10:00:00,Lewisham,443,5
16/01/2022 11:00:00,Lewisham,444,8
16/01/2022 12:00:00,Lewisham,445,8
16/01/2022 12:00:00,Lewisham,446,5
16/01/2022 14:00:00,Lewisham,447,7
16/01/2022 15:00:00,Lewisham,448,4
16/01/2022 16:00:00,Lewisham,449,8
16/01/2022 17:00:00,Lewisham,450,1
16/01/2022 09:00:00,Lewisham,451,7
16/01/2022 09:00:00,Lewisham,452,1
16/01/2022 10:00:00,Lewisham,453,4
16/01/2022 11:00:00,Lewisham,454,6
16/01/2022 13:00:00,Lewisham,455,7
16/01/2022 14:00:00,Lewisham,456,8
16/01/2022 15:00:00,Lewisham,457,7
16/01/2022 16:00:00,Lewisham,458,2
16/01/2022 17:00:00,Lewisham,459,3
16/01/2022 10:00:00,Lewisham,460,7
16/01/2022 11:00:00,Lewisham,461,3
16/01/2022 12:00:00,Lewisham,462,3
16/01/2022 12:00:00,Lewisham,463,6
16/01/2022 14:00:00,Lewisham,464,7
16/01/2022 14:00:00,Lewisham,465,2
16/01/2022 15:00:00,Lewisham,466,5
17/01/2022 09:00:00,Lewisham,467,1
17/01/2022 09:00:00,Lewisham,468,1
17/01/2022 11:00:00,Lewisham,469,7
17/01/2022 12:00:00,Lewisham,470,9
17/01/2022 13:00:00,Lewisham,471,2
17/01/2022 14:00:00,Lewisham,472,1
17/01/2022 15:00:00,Lewisham,473,5
17/01/2022 16:00:00,Lewisham,474,8
17/01/2022 09:00:00,Lewisham,475,8
17/01/2022 10:00:00,Lewisham,476,6
17/01/2022 11:00:00,Lewisham,477,7
17/01/2022 12:00:00,Lewisham,478,1
17/01/2022 13:00:00,Lewisham,479,7
17/01/2022 13:00:00,Lewisham,480,6
17/01/2022 14:00:00,Lewisham,481,5
17/01/2022 16:00:00,Lewisham,482,5
17/01/2022 16:00:00,Lewisham,483,8
17/01/2022 10:00:00,Lewisham,484,10
17/01/2022 10:00:00,Lewisham,485,4
17/01/2022 12:00:00,Lewisham,486,10
17/01/2022 12:00:00,Lewisham,487,3
17/01/2022 13:00:00,Lewisham,488,4
17/01/2022 13:00:00,Lewisham,489,4
17/01/2022 14:00:00,Lewisham,490,6
17/01/2022 15:00:00,Lewisham,491,5
17/01/2022 15:00:00,Lewisham,492,6
18/01/2022 09:00:00,Lewisham,493,5
18/01/2022 11:00:00,Lewisham,494,3
18/01/2022 11:00:00,Lewisham,495,9
18/01/2022 12:00:00,Lewisham,496,7
18/01/2022 12:00:00,Lewisham,497,9
18/01/2022 12:00:00,Lewisham,498,3
18/01/2022 13:00:00,Lewisham,499,3
18/01/2022 13:00:00,Lewisham,500,5
